"System,Fault_ID,Main_Problem,Symptom,Causes,Solutions"
"гдўжг… «бгЌ—я,ENG_01,”ќжд… «бгЌ—я, — ЁЏ «бЌ—«—… Џдѕ «бжёжЁ ж«б«“ѕЌ«г,""1. «Ќ —«ё Ёнж“ «бг—жЌ….\n2.  бЁ я «ж  «бг—жЌ….\n3.  бЁ гж ж— «бг—жЌ…."",""1. ЁЌ’ Ёнж“«  «бг—жЌ….\n2.  »ѕнб «бя «ж  бб ћ—»….\n3. ЁЌ’ «бг—жЌ… »яе—»«Ѕ г»«‘—…."""
"гдўжг… «бгЌ—я,ENG_02,”ќжд… «бгЌ—я, — ЁЏ «бЌ—«—… Џбм «бќЎжЎ «б”—нЏ…,""1. дё’ г«Ѕ «б—ѕн —.\n2. »бЁ «бЌ—«—… («бЋ—гж” « ) гЏбё жгџбё."",""1. ЁЌ’ «б ”—н» ж џнн— џЎ«Ѕ «б—ѕн —.\n2.  џнн— »бЁ «бЌ—«—…."""
"гдўжг… «бгЌ—я,ENG_03,√ѕ«Ѕ «бгЌ—я, ёЎнЏ √ж  Ё Ё… √Ћд«Ѕ «бжёжЁ √ж «б ”«—Џ,""1.  бЁ ‘гЏ«  «б«Ќ —«ё («б»ж«ћн).\n2. « ”«ќ »ќ«ќ«  «бжёжѕ.\n3.  бЁ гбЁ «б≈‘Џ«б («бяжнб)."",""1. ЁЌ’ ж дўнЁ √ж  џнн— «б»ж«ћн.\n2.  дўнЁ «б»ќ«ќ« .\n3. ЁЌ’ «бяжнб«  «б «бЁ… ж«” »ѕ«бе«."""
"гдўжг… «бгЌ—я,ENG_04,“нж  «бгЌ—я,ўеж— ѕќ«д √»н÷ яЋнЁ гд «б‘яг«д,""1.  бЁ жће —√” «бг«янд… ж«ќ б«Ў «бг«Ѕ »«б“н .\n2.  ¬яб ‘д«»— «б»” д."",""1. ЁЌ’ “н  «бгЌ—я ж«бг«Ѕ бѕм Ёдн.\n2.  жёнЁ «б”н«—… ж”Ќ»е« бг—я“ «б’н«д…."""
"«бгдўжг… «бяе—»«∆н…,ELC_01,г‘«яб «б ‘џнб,«бгЌ—я б« нѕж— де«∆н«р ж«б√дж«— ќ«Ё …,""1. »Ў«—н… Ё«—џ…  г«г«р.\n2. √ёЎ«» «б»Ў«—н… г— ќн… √ж Џбне« √гб«Ќ."",""1. Џгб «‘ —«я бб»Ў«—н….\n2.  дўнЁ ж≈Ќя«г —»Ў «б√ёЎ«»."""
"«бгдўжг… «бяе—»«∆н…,ELC_02,г‘«яб «б ‘џнб,’ж  ЎёЎё… г я——… Џдѕ гЌ«жб… «б ‘џнб,""1. ÷ЏЁ ‘ѕнѕ Ён «б»Ў«—н….\n2.  бЁ Ён «б”бЁ («бг«—‘)."",""1. ‘Ќд √ж  џнн— «б»Ў«—н….\n2. ЁЌ’ «б”бЁ бѕм «бяе—»«∆н."""
"«бгдўжг… «бяе—»«∆н…,ELC_03,«б≈÷«Ѕ… ж«б‘Ќд,≈÷«Ѕ… бг»… «б»Ў«—н… Ён «бЎ»бжд √Ћд«Ѕ «бён«ѕ…,""1.  бЁ «бѕнд«гж (гжбѕ «б‘Ќд).\n2. «дёЎ«Џ √ж «— ќ«Ѕ ”н— «бѕнд«гж."",""1. ЁЌ’ д”»… ‘Ќд «бѕнд«гж.\n2. ЁЌ’ «б”н— ж«” »ѕ«бе ≈–« я«д  «бЁ«р."""
"«бЏЁ‘… (’ѕ— «б”н«—…),SUS_01,√’ж«  ждё— ,’ж  ЎёЎё… √ж Ўя Ўя Џдѕ бЁ «б≈Ў«—«  нгнд«р √ж н”«—«р,""1.  бЁ Џяж” «б”н«—….\n2.  бЁ ћбѕ «бг”«Џѕ«  √ж «бгё’« ."",""1. ЁЌ’ Ќг«н… «бЏяж” ж џнн— «б «бЁ.\n2. я‘Ё «бЏЁ‘… ж џнн— «бћб«» «бг ¬яб…."""
"«бЏЁ‘… (’ѕ— «б”н«—…),SUS_02,Ћ»«  «б”н«—…,‘Џж— »№ ЌѕЁ… √ж гнб«д «б”н«—… бће… гЏнд… √Ћд«Ѕ «бён«ѕ…,""1. «ќ б«Ё ÷џЎ «беж«Ѕ Ён «б≈Ў«—« .\n2.  бЁ Ён ћб» «бгё’«  √ж де«н«  √–—Џ… «б жћне."",""1. ÷»Ў ÷џЎ «б≈Ў«—« .\n2. Џгб гн“«д √–—Џ… ж —’н’ √—÷н."""
"«бЏЁ‘… (’ѕ— «б”н«—…),SUS_03,«бгЎ»«  ж«б—«Ќ…,ќ‘жд… Џ«бн… ж‘Џж— »яб гЎ»«  «бЎ—нё Ён «бгё’ж—…,""1.  бЁ «бг”«Џѕ« .\n2.  бЁ ”ж»—н« «бг”«Џѕ«  («б я«н«)."",""1. ЁЌ’  ”—н» “н  «бг”«Џѕ«  ж џнн—е«.\n2.  џнн— Ўёг «б я«н«."""
"«бЁ—«гб («б»—ня),BRK_01,√’ж«  «бЁ—«гб,’ж  ’—н— √ж ЌЁнЁ г“Џћ Џдѕ «б÷џЎ Џбм «б»—ня,""1. «д е«Ѕ Џг— ЁЌг«  «бЁ—«гб.\n2. «Ќ я«я Ќѕнѕ »Ќѕнѕ ( бЁ «беж»« )."",""1. ЁЌ’ ”г«я… «бЁЌг«  ж џнн—е« Ёж—«р.\n2. ќ—Ў √ж «” »ѕ«б «беж»« ."""
"«бЁ—«гб («б»—ня),BRK_02,«” ћ«»… «бЁ—«гб,ѕж«”… «б»—ня  ’»Ќ ≈”Ёдћн… ж д“б бб√”Ёб »”ежб…,""1. жћжѕ еж«Ѕ Ён √д«»н» “н  «бЁ—«гб.\n2. дё’ Ќ«ѕ Ён “н  «б»—ня √ж  бЁ Џб»… «бЁ—«гб «б—∆н”н…."",""1. Џгб  д”нг (≈ќ—«ћ «беж«Ѕ) бѕ«∆—… «б“н .\n2. ЁЌ’ «б ”—н» ж џнн— “н  «б»—ня."""
"«бЁ—«гб («б»—ня),BRK_03,«е “«“ «б»—ня,«е “«“ Џћб… «бён«ѕ… Џдѕ «б÷џЎ Џбм «б»—ня Џбм «б”—Џ«  «бЏ«бн…,""1. «Џжћ«ћ √ж «дЌд«Ѕ Ён еж»«  «бЁ—«гб «б√г«гн…."",""1. ЁЌ’ «беж»«  жќ—Ўе« √ж «” »ѕ«бе« »√ќ—м ћѕнѕ…."""
"еняб «б”н«—…,VIB_01,«б«— ћ«ћ« ,—ћЁ… ж«е “«“ Ён Џћб… «бён«ѕ… Џдѕ «бж’жб б”—Џ«  Џ«бн…,""1. Џѕг  —’н’ «б≈Ў«—« .\n2. жћжѕ «Џжћ«ћ Ён «бћджЎ."",""1. Џгб  —’н’ ≈бя —ждн бб≈Ў«—« .\n2. ЁЌ’ «бћджЎ ж Џѕнбе«."""
"еняб «б”н«—…,VIB_02,«б«— ћ«ћ« ,—ћЁ… ж«е “«“ Ён ћ”г «б”н«—… »«бя«гб Џдѕ «б ”«—Џ √ж «бён«г,""1.  бЁ ёж«Џѕ «бгЌ—я √ж «бћн—»жя”.\n2. г‘яб… Ён Џгжѕ «бя—ѕ«д."",""1. ЁЌ’ «бёж«Џѕ ж«” »ѕ«б «б «бЁ где«.\n2. ЁЌ’ ’бн»«  Џгжѕ «бя—ѕ«д ж —’н’е."""
"гдўжг… «б яннЁ ж«б »—нѕ,AC_01, »—нѕ «бгянЁ,еж«Ѕ «бгянЁ ÷ЏнЁ √ж Ќ«— —џг  ‘џнбе Џбм √»—ѕ ѕ—ћ…,""1. дё’ џ«“ «бЁ—нжд »”»»  ”—н».\n2. «д”ѕ«ѕ Ёб — «бгянЁ."",""1. ЁЌ’ «б ”—н» ж‘Ќд «бЁ—нжд.\n2.  дўнЁ √ж «” »ѕ«б Ёб — «бгянЁ."""
"гдўжг… «б яннЁ ж«б »—нѕ,AC_02,—ж«∆Ќ «бгянЁ,ўеж— —«∆Ќ… я—не… Џдѕ  ‘џнб «бгянЁ,""1.  —«яг «б»я н—н« ж«бЁЎ—н«  ж«б—Ўж»… ѕ«ќб гћ«—н «б яннЁ."",""1.  дўнЁ гћ«—н «беж«Ѕ »»ќ«ќ«  «б Џёнг° √ж  »ѕнб Ёб — «бгянЁ."""
"гдўжг… «б яннЁ ж«б »—нѕ,AC_03,√’ж«  «бгянЁ,’ѕж— ’ж  ’—н— √ж ЌЁнЁ ёжн гд ће… ”н— «бгянЁ,""1. «— ќ«Ѕ √ж  бЁ ”н— «бяжг»—ж”—.\n2.  бЁ —г«д »бн »я—… «бяжг»—ж”—."",""1. ‘ѕ «б”н— √ж «” »ѕ«бе.\n2. ЁЌ’ »я—… «бяжг»—ж”— ж џнн— «б—г«д »бн."""
"гдўжг… «б яннЁ ж«б »—нѕ,AC_04,Џгб «бяг»—ж”—,яг»—ж”— «бгянЁ нЁ’б жнж’б »«” г—«— √ж б« нЏгб де«∆н«р,""1.  бЁ Ёнж“ √ж я «ж  «бяг»—ж”—.\n2. «— Ё«Џ ÷џЎ «бЁ—нжд √ж  бЁ Ќ”«” «б÷џЎ."",""1. ЁЌ’ «бЁнж“«  ж«бя «ж .\n2. ЁЌ’ ÷џЎ «бЁ—нжд ж÷»Ўе бѕм гќ ’."""
"д«ёб «бЌ—я… («бћн—),TRN_01, √ќ— «б Џ‘нё, √ќ— «” ћ«»… «б”н«—… Џдѕ дёб «бџн«— гд P ≈бм R √ж D,""1. дё’ Ќ«ѕ Ён г” жм “н  «бћн—.\n2. « ”«ќ Ёб — “н  «бћн— √ж  бЁе."",""1. ЁЌ’ г” жм жЏн«— “н  «бћн— ж Џ»∆ е »«бджЏ «бгж’м »е.\n2.  џнн— “н  жЁб — «бћн—."""
"д«ёб «бЌ—я… («бћн—),TRN_02,д ‘… √ж ’ѕг…,ЌѕжЋ д ‘… ёжн… √ж е“… Џдѕ  џнн— «бдг— √Ћд«Ѕ «бён«ѕ…,""1.  бЁ Ќ”«” ”—Џ… «бћн—.\n2.  бЁ Ён »бЁ «б»ѕн √ж «Ќ —«ё «бяб ‘« ."",""1. Џгб ЁЌ’ яг»нж — бё—«Ѕ… √ЏЎ«б «бћн—.\n2.  дўнЁ √ж  џнн— »бЁ «б»ѕн бѕм г—я“ г ќ’’."""
"д«ёб «бЌ—я… («бћн—),TRN_03,√’ж«  «бћн—,’ѕж— ’ж  Ўднд √ж жднд г” г— н“ѕ«ѕ гЏ “н«ѕ… «б”—Џ…,""1.  бЁ —г«д »бн Џгжѕ «бЌ—я….\n2. дё’ «б“н  гг« н”»» «Ќ я«я «б —ж”."",""1. ЁЌ’ г’ѕ— «б’ж  »ж«”Ў… Ёдн ж«” »ѕ«б «б—г«д «б «бЁ."""
"д«ёб «бЌ—я… («бћн—),TRN_04,«б Џ‘нё «бгЏбё,«бён— нЏбё Џбм џн«— ж«Ќѕ жб« н џн—,""1. ѕќжб «бћн— Ён ж÷Џ «бЌг«н… «бЎ«—∆… »”»» г‘яб… яе—»«∆н…."",""1. ЁЌ’ яг»нж — б Ќѕнѕ «бЌ”«” «бяе—»«∆н «бг”ƒжб ж«” »ѕ«бе."""
"гдўжг… «бжёжѕ,FUEL_01,’Џж»… «б ‘џнб,«бгЌ—я нЎжб Ён «б ‘џнб ё»б √д н‘ џб,""1. ÷ЏЁ Ён ÷џЎ Ў—г»… «б»д“нд.\n2.  ”—н» ÷џЎ «бжёжѕ «бЏя”н ѕ«ќб «бЎ—г»…."",""1. ЁЌ’ ÷џЎ Ў—г»… «б»д“нд »г«джг —.\n2. «” »ѕ«б ёб» «бЎ—г»… √ж «бгћгжЏ… я«гб…."""
"гдўжг… «бжёжѕ,FUEL_02, ёЎнЏ Џбм «б”—Џ« , ёЎнЏ √ж  Ё Ё… Ён «б”н«—… Џдѕ гЌ«жб… «б ”«—Џ «бгЁ«ћ∆,""1. «д”ѕ«ѕ Ён Ёб — «б»д“нд.\n2. ÷ЏЁ  ѕЁё «бжёжѕ гд гћгжЏ… «бг÷ќ…."",""1. «” »ѕ«б Ёб — «бжёжѕ «бќ«—ћн √ж «бѕ«ќбн.\n2. ЁЌ’ дў«Ё… «бќ“«д ж џнн— «бЁб —."""
"гдўжг… «бжёжѕ,FUEL_03,«дЎЁ«Ѕ гЁ«ћ∆,«б”н«—…  дЎЁ∆ Ёћ√… √Ћд«Ѕ «б”н— Ћг  Џжѕ ббЏгб »Џѕ Ё —…,""1. «— Ё«Џ Ќ—«—… гж ж— «бЎ—г»… ж бЁе« «б ѕ—нћн.\n2.  бЁ Ёнж“ √ж я «ж  «бЎ—г»…."",""1. ЁЌ’ Ќ—«—… ж√ѕ«Ѕ «бЎ—г»… жё  «бЏЎб.\n2. «” »ѕ«б «бЁнж“ √ж «бЎ—г»… «б «бЁ…."""
"гдўжг… «бжёжѕ,FUEL_04,«бЌёд «бг»«‘— GDI, Ё Ё… жўе— бг»… Check Engine гЏ —«∆Ќ… »д“нд џн— гЌ —ё,""1.  бЁ √ж  ”—н» Ён г÷ќ… «б÷џЎ «бЏ«бн ббжёжѕ.\n2.  бЁ »ќ«ќ«  «б÷џЎ «бЏ«бн."",""1. ЁЌ’ ÷џЎ «б»д“нд «бЏ«бн »ће«“ «бЁЌ’.\n2.  дўнЁ √ж «” »ѕ«б г÷ќ… «б÷џЎ «бЏ«бн."""
